TaxCreditApplicationID,ReviewDate
20353,10/5/2020
20373,10/5/2020
20375,10/5/2020
20376,10/5/2020
20377,10/5/2020
20429,10/5/2020
20432,10/5/2020
20434,10/5/2020
20436,10/5/2020
20437,10/5/2020
20442,9/18/2020
20461,9/23/2020
20463,10/5/2020
20464,10/5/2020
20465,10/5/2020
20466,10/5/2020
20467,10/5/2020
20469,10/5/2020
20470,10/5/2020
20471,10/5/2020
20472,10/5/2020
20473,10/5/2020
20474,10/5/2020
20475,10/5/2020
20476,10/5/2020
20484,10/5/2020
20486,10/5/2020
20487,10/5/2020
20488,10/5/2020
20489,11/20/2020
20490,10/5/2020
20491,11/20/2020
20492,10/5/2020
20493,10/5/2020
20494,10/5/2020
20503,10/7/2020
20504,10/7/2020
20505,10/7/2020
20508,10/7/2020
20510,10/7/2020
20513,10/7/2020
20514,10/7/2020
20515,10/7/2020
20517,10/16/2020
20518,10/7/2020
20519,10/7/2020
20520,10/7/2020
20521,10/7/2020
20522,10/7/2020
20523,10/7/2020
20524,10/7/2020
20525,10/9/2020
20526,10/9/2020
20527,10/9/2020
20528,10/9/2020
20529,10/9/2020
20531,10/9/2020
20532,10/9/2020
20533,10/26/2020
20535,10/9/2020
20536,10/9/2020
20537,10/9/2020
20538,10/9/2020
20539,10/9/2020
20540,10/9/2020
20541,10/9/2020
20542,10/9/2020
20543,10/9/2020
20544,10/9/2020
20547,10/15/2020
20550,10/15/2020
20551,10/15/2020
20552,10/15/2020
20553,10/15/2020
20554,10/15/2020
20555,10/15/2020
20556,10/15/2020
20557,10/23/2020
20558,10/15/2020
20559,10/15/2020
20560,10/15/2020
20561,10/16/2020
20562,10/16/2020
20563,2/10/2021
20564,10/16/2020
20565,10/16/2020
20566,10/16/2020
20567,10/16/2020
20568,10/16/2020
20569,10/16/2020
20570,10/16/2020
20571,10/23/2020
20572,10/16/2020
20574,10/23/2020
20575,10/23/2020
20576,10/23/2020
20577,10/23/2020
20578,10/23/2020
20579,10/23/2020
20580,10/23/2020
20581,10/23/2020
20582,10/23/2020
20583,10/23/2020
20584,10/23/2020
20585,10/23/2020
20587,10/23/2020
20588,10/23/2020
20589,10/23/2020
20590,10/23/2020
20591,10/23/2020
20592,10/23/2020
20593,10/23/2020
20594,10/23/2020
20595,10/23/2020
20596,10/23/2020
20597,10/23/2020
20598,10/23/2020
20599,10/23/2020
20600,10/23/2020
20601,10/23/2020
20602,10/23/2020
20604,10/23/2020
20609,10/26/2020
20613,10/26/2020
20614,10/26/2020
20621,11/2/2020
20623,11/20/2020
20639,11/2/2020
20641,11/2/2020
20642,11/2/2020
20643,11/2/2020
20644,11/2/2020
20645,11/2/2020
20647,11/2/2020
20648,11/2/2020
20649,11/2/2020
20650,11/2/2020
20666,11/2/2020
20671,11/20/2020
20672,11/3/2020
20673,11/3/2020
20676,11/10/2020
20677,11/10/2020
20678,11/10/2020
20679,11/10/2020
20680,11/10/2020
20681,11/10/2020
20682,11/10/2020
20683,11/10/2020
20684,11/10/2020
20685,11/10/2020
20686,11/10/2020
20687,11/10/2020
20688,11/10/2020
20690,11/10/2020
20695,11/10/2020
20696,11/10/2020
20699,11/10/2020
20700,11/10/2020
20701,11/10/2020
20712,11/10/2020
20713,11/10/2020
20714,11/10/2020
20715,11/10/2020
20716,11/10/2020
20717,11/10/2020
20718,11/10/2020
20719,11/10/2020
20720,11/10/2020
20721,11/10/2020
20722,11/10/2020
20723,11/12/2020
20724,11/12/2020
20725,11/12/2020
20726,11/12/2020
20727,11/12/2020
20728,11/12/2020
20729,11/12/2020
20730,11/12/2020
20731,11/12/2020
20732,11/12/2020
20733,11/12/2020
20734,11/12/2020
20735,11/12/2020
20736,11/12/2020
20737,11/13/2020
20738,11/13/2020
20739,11/13/2020
20740,11/13/2020
20741,11/13/2020
20749,11/13/2020
20750,11/13/2020
20751,11/13/2020
20752,11/17/2020
20753,11/17/2020
20754,11/13/2020
20755,11/13/2020
20756,11/13/2020
20757,11/13/2020
20758,11/13/2020
20759,11/13/2020
20760,11/13/2020
20761,11/13/2020
20762,11/13/2020
20763,11/13/2020
20774,11/17/2020
20775,11/17/2020
20776,11/17/2020
20778,11/17/2020
20781,11/17/2020
20782,11/17/2020
20783,11/20/2020
20786,11/20/2020
20787,11/20/2020
20790,11/20/2020
20793,11/20/2020
20794,11/20/2020
20795,11/20/2020
20796,1/19/2021
20813,11/30/2020
20815,11/30/2020
20816,11/30/2020
20818,12/1/2020
20819,12/1/2020
20824,12/7/2020
20825,12/7/2020
20826,12/30/2020
20827,12/7/2020
20828,12/7/2020
20829,12/7/2020
20830,12/7/2020
20831,12/7/2020
20832,12/7/2020
20833,12/11/2020
20834,12/7/2020
20835,12/7/2020
20836,12/7/2020
20837,12/7/2020
20838,12/7/2020
20856,12/7/2020
20857,12/7/2020
20865,12/7/2020
20866,12/7/2020
20870,12/7/2020
20871,12/7/2020
20872,12/7/2020
20874,12/7/2020
20875,12/7/2020
20876,12/7/2020
20879,12/8/2020
20880,12/8/2020
20882,12/11/2020
20883,12/11/2020
20884,12/11/2020
20885,12/11/2020
20886,12/11/2020
20887,12/11/2020
20888,12/11/2020
20889,12/11/2020
20890,12/11/2020
20891,12/11/2020
20892,12/11/2020
20893,12/11/2020
20894,12/11/2020
20895,12/11/2020
20896,12/11/2020
20897,12/11/2020
20898,12/11/2020
20901,12/11/2020
20902,12/11/2020
20903,12/11/2020
20904,12/11/2020
20905,12/11/2020
20906,12/11/2020
20907,12/11/2020
20908,12/11/2020
20909,12/11/2020
20910,12/11/2020
20911,12/11/2020
20912,12/11/2020
20913,12/11/2020
20914,12/11/2020
20915,12/11/2020
20916,12/11/2020
20917,12/11/2020
20918,12/11/2020
20919,12/16/2020
20920,12/16/2020
20921,12/16/2020
20922,12/16/2020
20923,12/16/2020
20924,12/16/2020
20925,12/16/2020
20926,12/16/2020
20927,12/16/2020
20928,12/16/2020
20929,12/16/2020
20930,12/16/2020
20931,12/16/2020
20932,12/16/2020
20933,12/16/2020
20934,12/16/2020
20935,12/16/2020
20936,12/16/2020
20937,12/16/2020
20938,12/30/2020
20939,12/16/2020
20940,12/16/2020
20943,12/16/2020
20944,12/16/2020
20945,12/16/2020
20946,12/16/2020
20947,12/16/2020
20948,12/16/2020
20951,12/21/2020
20952,12/21/2020
20953,12/21/2020
20954,12/21/2020
20955,12/21/2020
20956,12/21/2020
20959,12/21/2020
20960,12/21/2020
20961,12/21/2020
20962,12/21/2020
20963,12/21/2020
20964,12/21/2020
20965,12/21/2020
20966,12/21/2020
20967,12/21/2020
20968,12/21/2020
20969,12/22/2020
20970,12/22/2020
20971,12/22/2020
20972,12/22/2020
20973,12/30/2020
20974,12/22/2020
20975,12/22/2020
20976,2/10/2021
20977,12/22/2020
20978,12/22/2020
20979,12/22/2020
20980,12/22/2020
20981,12/22/2020
20982,12/22/2020
20983,12/22/2020
20984,12/22/2020
20985,12/22/2020
20986,12/22/2020
20987,12/22/2020
20988,12/22/2020
20990,12/22/2020
20991,12/22/2020
20992,12/22/2020
20993,12/22/2020
20994,12/22/2020
20995,12/22/2020
20996,12/22/2020
20997,12/22/2020
20998,12/22/2020
20999,12/22/2020
21000,12/22/2020
21001,12/22/2020
21002,12/22/2020
21003,12/22/2020
21004,12/30/2020
21005,12/22/2020
21006,12/22/2020
21007,12/22/2020
21008,12/22/2020
21009,6/2/2021
21010,12/22/2020
21011,12/22/2020
21012,12/22/2020
21013,12/22/2020
21014,12/22/2020
21015,12/22/2020
21016,12/22/2020
21017,12/28/2020
21018,12/28/2020
21019,12/28/2020
21020,12/22/2020
21021,12/28/2020
21022,12/28/2020
21023,12/28/2020
21024,12/30/2020
21025,12/28/2020
21026,12/28/2020
21027,12/28/2020
21028,12/28/2020
21029,12/30/2020
21030,12/28/2020
21031,12/28/2020
21033,12/28/2020
21034,12/28/2020
21035,12/28/2020
21036,12/28/2020
21037,12/28/2020
21038,12/28/2020
21039,12/28/2020
21040,12/28/2020
21041,12/28/2020
21042,12/28/2020
21043,12/28/2020
21044,12/28/2020
21045,12/28/2020
21046,12/28/2020
21047,12/28/2020
21049,12/28/2020
21051,12/28/2020
21052,3/29/2021
21053,12/28/2020
21054,12/28/2020
21055,3/2/2021
21056,12/28/2020
21057,12/28/2020
21058,12/28/2020
21059,12/28/2020
21060,12/28/2020
21061,12/28/2020
21062,12/28/2020
21074,12/30/2020
21075,12/30/2020
21076,12/30/2020
21077,12/30/2020
21078,1/8/2021
21079,12/30/2020
21080,12/30/2020
21081,12/30/2020
21082,12/30/2020
21083,12/30/2020
21084,12/30/2020
21085,12/30/2020
21086,12/30/2020
21087,12/30/2020
21088,12/30/2020
21089,12/30/2020
21090,12/30/2020
21091,12/30/2020
21094,12/30/2020
21104,1/4/2021
21105,1/8/2021
21106,1/4/2021
21107,1/4/2021
21108,1/8/2021
21109,1/4/2021
21110,1/4/2021
21111,1/4/2021
21112,1/4/2021
21113,1/4/2021
21114,1/4/2021
21115,1/4/2021
21116,1/4/2021
21117,1/4/2021
21118,1/4/2021
21119,1/27/2021
21120,1/4/2021
21121,1/4/2021
21122,1/4/2021
21127,1/5/2021
21133,1/5/2021
21134,1/5/2021
21135,1/5/2021
21136,1/6/2021
21138,1/6/2021
21140,1/6/2021
21146,1/6/2021
21148,1/6/2021
21149,1/6/2021
21150,1/6/2021
21156,1/6/2021
21159,1/8/2021
21162,1/8/2021
21163,1/8/2021
21164,1/8/2021
21165,1/8/2021
21172,1/8/2021
21173,1/8/2021
21174,1/8/2021
21175,1/8/2021
21176,1/8/2021
21177,1/8/2021
21178,1/8/2021
21179,1/8/2021
21180,1/8/2021
21181,1/8/2021
21182,1/8/2021
21183,1/8/2021
21184,1/8/2021
21185,1/8/2021
21186,1/8/2021
21187,1/8/2021
21188,1/8/2021
21189,1/8/2021
21190,1/8/2021
21191,1/8/2021
21192,1/8/2021
21193,1/8/2021
21194,1/8/2021
21195,1/8/2021
21196,1/8/2021
21197,1/8/2021
21198,1/8/2021
21199,1/13/2021
21200,1/13/2021
21201,1/13/2021
21202,1/13/2021
21203,1/13/2021
21204,1/13/2021
21205,2/10/2021
21206,1/13/2021
21207,1/13/2021
21208,1/13/2021
21209,1/13/2021
21210,1/13/2021
21211,1/13/2021
21212,1/13/2021
21213,1/13/2021
21214,1/13/2021
21215,1/13/2021
21216,1/13/2021
21241,1/15/2021
21242,1/15/2021
21243,1/15/2021
21245,1/15/2021
21246,1/15/2021
21247,1/15/2021
21248,1/15/2021
21249,1/15/2021
21250,1/15/2021
21251,1/15/2021
21252,1/15/2021
21253,1/15/2021
21254,1/15/2021
21255,1/15/2021
21256,1/15/2021
21257,1/15/2021
21258,1/15/2021
21259,1/19/2021
21260,1/19/2021
21261,1/19/2021
21262,1/19/2021
21263,1/19/2021
21264,1/19/2021
21265,1/19/2021
21266,1/19/2021
21267,1/19/2021
21268,1/19/2021
21269,1/19/2021
21270,1/19/2021
21271,1/19/2021
21272,1/19/2021
21273,1/19/2021
21274,1/21/2021
21275,1/19/2021
21276,1/21/2021
21277,1/19/2021
21278,1/19/2021
21280,1/29/2021
21281,1/19/2021
21282,1/21/2021
21283,1/19/2021
21284,1/19/2021
21285,1/19/2021
21286,1/19/2021
21287,1/19/2021
21288,1/19/2021
21289,1/19/2021
21290,1/19/2021
21291,1/19/2021
21292,1/19/2021
21293,1/19/2021
21294,1/19/2021
21295,1/29/2021
21296,1/19/2021
21297,1/19/2021
21298,1/19/2021
21299,1/19/2021
21300,1/19/2021
21301,1/19/2021
21302,1/21/2021
21303,1/21/2021
21304,1/25/2021
21305,1/21/2021
21306,1/21/2021
21307,1/21/2021
21308,1/21/2021
21309,1/21/2021
21310,1/21/2021
21311,1/21/2021
21312,1/21/2021
21313,1/21/2021
21314,1/28/2021
21315,1/21/2021
21316,1/21/2021
21317,1/21/2021
21318,1/21/2021
21320,1/21/2021
21321,1/21/2021
21322,1/21/2021
21323,1/21/2021
21324,1/21/2021
21325,2/17/2021
21326,1/21/2021
21327,1/21/2021
21329,1/25/2021
21330,1/25/2021
21331,1/25/2021
21332,1/25/2021
21333,1/25/2021
21334,1/28/2021
21335,1/25/2021
21336,1/25/2021
21337,1/25/2021
21338,1/25/2021
21339,1/25/2021
21340,1/25/2021
21341,1/25/2021
21342,1/25/2021
21343,1/25/2021
21344,1/25/2021
21345,1/25/2021
21346,1/25/2021
21347,1/25/2021
21348,1/25/2021
21349,1/25/2021
21350,1/25/2021
21351,1/25/2021
21352,1/25/2021
21353,1/25/2021
21354,1/25/2021
21355,1/25/2021
21356,1/25/2021
21357,1/25/2021
21358,1/25/2021
21359,1/25/2021
21360,1/25/2021
21361,1/25/2021
21362,1/25/2021
21363,1/25/2021
21364,1/25/2021
21365,1/25/2021
21366,1/25/2021
21367,1/25/2021
21368,1/25/2021
21369,1/25/2021
21370,1/25/2021
21371,1/25/2021
21372,1/25/2021
21373,1/25/2021
21374,1/25/2021
21375,1/25/2021
21376,1/25/2021
21377,1/25/2021
21378,1/25/2021
21379,1/25/2021
21380,1/25/2021
21381,1/25/2021
21382,1/25/2021
21383,1/25/2021
21384,1/25/2021
21385,1/25/2021
21386,1/25/2021
21387,1/25/2021
21388,1/25/2021
21389,1/28/2021
21390,1/25/2021
21391,1/25/2021
21392,1/25/2021
21393,1/25/2021
21394,1/25/2021
21395,1/25/2021
21396,1/25/2021
21397,1/25/2021
21398,1/25/2021
21399,1/25/2021
21400,1/25/2021
21401,1/25/2021
21402,1/25/2021
21403,1/25/2021
21404,1/26/2021
21405,1/26/2021
21406,1/26/2021
21407,1/26/2021
21408,1/26/2021
21409,1/26/2021
21410,1/26/2021
21411,1/26/2021
21412,1/26/2021
21413,1/26/2021
21414,1/26/2021
21415,1/26/2021
21416,1/26/2021
21417,1/27/2021
21418,1/26/2021
21419,1/26/2021
21420,1/26/2021
21421,1/26/2021
21422,1/26/2021
21423,1/26/2021
21424,1/26/2021
21425,1/26/2021
21426,1/26/2021
21427,1/26/2021
21428,1/26/2021
21429,1/26/2021
21430,1/26/2021
21431,1/26/2021
21432,1/26/2021
21433,1/26/2021
21435,1/26/2021
21436,1/26/2021
21437,1/26/2021
21438,1/26/2021
21439,1/26/2021
21440,1/26/2021
21441,1/26/2021
21442,1/26/2021
21443,1/27/2021
21444,1/27/2021
21446,1/28/2021
21448,1/27/2021
21449,1/27/2021
21450,1/27/2021
21451,1/27/2021
21452,1/27/2021
21453,1/27/2021
21455,1/27/2021
21456,1/27/2021
21457,1/27/2021
21458,1/27/2021
21459,1/27/2021
21460,1/31/2021
21461,1/28/2021
21462,1/28/2021
21463,1/28/2021
21464,1/28/2021
21465,1/28/2021
21466,1/28/2021
21467,1/28/2021
21468,1/28/2021
21469,1/28/2021
21470,1/28/2021
21471,1/28/2021
21472,1/28/2021
21473,1/28/2021
21474,1/28/2021
21475,1/28/2021
21476,1/28/2021
21477,1/28/2021
21478,1/28/2021
21479,1/28/2021
21480,1/28/2021
21481,1/28/2021
21482,1/28/2021
21483,1/28/2021
21484,1/28/2021
21485,1/28/2021
21486,1/28/2021
21487,1/28/2021
21488,1/28/2021
21489,1/28/2021
21490,1/28/2021
21491,1/28/2021
21492,1/28/2021
21493,1/28/2021
21494,1/28/2021
21495,1/28/2021
21496,1/28/2021
21497,1/28/2021
21498,1/28/2021
21499,1/28/2021
21500,1/28/2021
21501,1/28/2021
21502,1/28/2021
21503,1/28/2021
21504,1/28/2021
21505,1/28/2021
21506,1/28/2021
21507,1/28/2021
21508,1/28/2021
21509,1/28/2021
21510,1/29/2021
21511,1/29/2021
21514,1/29/2021
21515,1/29/2021
21516,1/29/2021
21517,1/29/2021
21518,1/29/2021
21520,1/29/2021
21521,1/29/2021
21522,1/29/2021
21523,1/29/2021
21524,1/29/2021
21525,1/29/2021
21526,1/29/2021
21527,1/29/2021
21528,1/29/2021
21529,1/29/2021
21530,1/29/2021
21531,1/29/2021
21532,1/29/2021
21533,1/29/2021
21534,1/29/2021
21535,1/29/2021
21536,1/29/2021
21537,1/29/2021
21538,1/29/2021
21539,1/29/2021
21540,1/29/2021
21541,1/29/2021
21543,1/29/2021
21544,1/29/2021
21545,1/29/2021
21546,1/29/2021
21547,1/29/2021
21548,1/30/2021
21550,1/30/2021
21551,1/30/2021
21552,1/30/2021
21553,1/30/2021
21554,1/30/2021
21555,1/30/2021
21556,1/31/2021
21557,1/30/2021
21558,1/30/2021
21559,1/30/2021
21560,1/30/2021
21561,1/30/2021
21562,1/30/2021
21563,1/30/2021
21564,1/30/2021
21565,1/30/2021
21566,1/30/2021
21567,1/30/2021
21568,1/30/2021
21569,1/30/2021
21570,1/30/2021
21571,1/30/2021
21572,1/30/2021
21573,1/30/2021
21574,1/30/2021
21575,1/30/2021
21576,1/30/2021
21577,1/30/2021
21578,1/30/2021
21579,1/30/2021
21580,1/30/2021
21581,1/30/2021
21582,1/30/2021
21583,1/30/2021
21584,1/30/2021
21585,1/30/2021
21586,1/30/2021
21587,1/30/2021
21588,1/30/2021
21590,1/30/2021
21591,1/30/2021
21592,1/30/2021
21593,1/30/2021
21594,1/30/2021
21595,1/30/2021
21596,1/30/2021
21597,1/30/2021
21598,1/30/2021
21599,1/30/2021
21600,1/30/2021
21601,1/30/2021
21602,1/30/2021
21603,1/30/2021
21604,1/30/2021
21605,1/30/2021
21606,1/30/2021
21607,1/30/2021
21608,1/30/2021
21609,1/30/2021
21610,1/30/2021
21611,1/29/2021
21612,1/30/2021
21613,1/30/2021
21614,1/30/2021
21615,1/30/2021
21616,1/31/2021
21617,1/31/2021
21618,1/31/2021
21619,1/31/2021
21620,1/31/2021
21621,1/31/2021
21622,1/31/2021
21623,1/31/2021
21624,1/31/2021
21625,1/31/2021
21626,1/31/2021
21627,1/31/2021
21628,1/31/2021
21629,1/31/2021
21630,1/31/2021
21631,1/31/2021
21632,1/31/2021
21633,1/31/2021
21634,1/31/2021
21635,1/31/2021
21636,1/31/2021
21638,1/31/2021
21639,1/31/2021
21640,1/31/2021
21641,1/31/2021
21642,1/31/2021
21643,1/31/2021
21644,1/31/2021
21645,1/31/2021
21646,1/31/2021
21647,1/31/2021
21648,1/31/2021
21649,1/31/2021
21650,1/31/2021
21651,1/31/2021
21652,1/31/2021
21653,1/31/2021
21654,1/31/2021
21655,1/31/2021
21656,1/31/2021
21657,1/31/2021
21658,1/31/2021
21659,1/31/2021
21660,1/31/2021
21661,1/31/2021
21662,1/31/2021
21663,1/31/2021
21664,1/31/2021
21665,1/31/2021
21666,1/31/2021
21667,2/1/2021
21668,2/1/2021
21669,2/1/2021
21670,2/1/2021
21671,2/1/2021
21672,2/1/2021
21673,2/1/2021
21674,2/1/2021
21675,2/1/2021
21676,2/1/2021
21677,2/1/2021
21678,2/1/2021
21679,2/1/2021
21680,2/1/2021
21681,2/1/2021
21682,2/1/2021
21683,2/1/2021
21684,2/1/2021
21685,2/1/2021
21686,2/1/2021
21687,2/1/2021
21688,2/1/2021
21689,2/1/2021
21690,2/1/2021
21691,2/1/2021
21692,2/1/2021
21693,2/1/2021
21694,2/1/2021
21695,2/1/2021
21696,2/1/2021
21697,2/1/2021
21698,2/1/2021
21699,2/1/2021
21700,2/1/2021
21701,2/1/2021
21702,2/1/2021
21703,2/1/2021
21704,2/1/2021
21706,2/1/2021
21707,2/1/2021
21708,6/11/2021
21709,2/1/2021
21710,2/1/2021
21711,2/1/2021
21712,2/1/2021
21713,2/1/2021
21714,2/1/2021
21715,2/1/2021
21716,2/1/2021
21717,2/1/2021
21718,2/1/2021
21719,2/1/2021
21720,2/1/2021
21721,2/1/2021
21722,2/1/2021
21723,2/1/2021
21724,2/1/2021
21725,2/1/2021
21726,2/1/2021
21727,2/1/2021
21728,2/1/2021
21729,2/1/2021
21730,2/1/2021
21731,2/1/2021
21732,2/1/2021
21733,2/1/2021
21734,2/1/2021
21735,2/1/2021
21736,2/1/2021
21737,2/1/2021
21738,2/1/2021
21739,2/1/2021
21740,2/1/2021
21741,2/1/2021
21742,2/1/2021
21743,2/1/2021
21744,2/1/2021
21745,2/1/2021
21746,2/1/2021
21747,2/1/2021
21748,2/1/2021
21749,2/1/2021
21750,2/1/2021
21751,2/1/2021
21752,2/1/2021
21753,2/1/2021
21754,2/1/2021
21755,2/1/2021
21756,2/1/2021
21757,2/1/2021
21758,2/1/2021
21759,2/1/2021
21760,2/1/2021
21761,2/1/2021
21762,2/1/2021
21763,2/1/2021
21764,2/1/2021
21765,2/1/2021
21766,2/1/2021
21767,2/1/2021
21768,2/1/2021
21769,2/1/2021
21770,2/1/2021
21771,2/1/2021
21772,2/1/2021
21773,2/1/2021
21774,2/1/2021
21775,2/1/2021
21776,2/1/2021
21777,2/1/2021
21778,2/1/2021
21779,2/1/2021
21780,2/1/2021
21781,2/1/2021
21782,2/1/2021
21783,2/1/2021
21784,2/1/2021
21785,2/1/2021
21786,2/1/2021
21787,2/1/2021
21788,2/1/2021
21789,2/1/2021
21790,2/1/2021
21791,2/1/2021
21792,2/1/2021
21793,2/1/2021
21794,2/1/2021
21795,2/1/2021
21796,2/5/2021
21797,2/1/2021
21798,2/1/2021
21800,2/1/2021
21801,2/1/2021
21802,2/1/2021
21803,2/1/2021
21804,2/1/2021
21805,2/1/2021
21806,2/1/2021
21807,2/1/2021
21808,2/1/2021
21809,2/1/2021
21810,2/1/2021
21811,2/1/2021
21812,2/1/2021
21813,2/1/2021
21814,2/1/2021
21816,2/1/2021
21817,2/1/2021
21818,2/1/2021
21819,2/1/2021
21820,2/1/2021
21821,2/1/2021
21822,2/1/2021
21823,2/2/2021
21825,2/2/2021
21827,2/2/2021
21828,2/2/2021
21829,2/2/2021
21830,2/2/2021
21832,2/2/2021
21833,2/17/2021
21834,2/2/2021
21835,2/2/2021
21836,2/2/2021
21837,2/3/2021
21838,2/5/2021
21839,2/5/2021
21840,2/4/2021
21841,2/4/2021
21842,2/4/2021
21843,2/4/2021
21844,2/5/2021
21845,2/5/2021
21846,2/5/2021
21847,2/5/2021
21848,2/5/2021
21849,2/5/2021
21850,2/5/2021
21851,2/8/2021
21852,2/8/2021
21853,2/8/2021
21854,2/8/2021
21855,2/8/2021
21856,2/8/2021
21857,2/8/2021
21858,2/8/2021
21859,2/9/2021
21860,2/9/2021
21861,2/9/2021
21862,2/9/2021
21863,2/9/2021
21864,2/9/2021
21865,2/9/2021
21866,2/9/2021
21867,2/9/2021
21868,2/9/2021
21869,2/9/2021
21870,2/9/2021
21871,2/9/2021
21872,2/9/2021
21873,2/9/2021
21874,2/9/2021
21875,2/9/2021
21876,2/10/2021
21877,2/10/2021
21878,2/10/2021
21879,2/11/2021
21881,2/12/2021
21882,2/10/2021
21883,2/10/2021
21884,5/7/2021
21885,2/10/2021
21886,2/12/2021
21887,2/12/2021
21889,2/10/2021
21890,2/10/2021
21891,2/10/2021
21892,2/10/2021
21893,2/10/2021
21894,2/10/2021
21895,2/10/2021
21896,2/10/2021
21897,2/10/2021
21898,2/10/2021
21899,2/10/2021
21900,2/10/2021
21901,2/10/2021
21902,2/10/2021
21903,2/10/2021
21904,2/11/2021
21905,2/11/2021
21906,2/11/2021
21907,2/11/2021
21908,2/11/2021
21909,2/11/2021
21910,2/11/2021
21911,2/11/2021
21912,2/12/2021
21913,2/11/2021
21914,2/11/2021
21915,2/11/2021
21916,2/11/2021
21917,2/11/2021
21918,2/11/2021
21919,2/11/2021
21920,2/11/2021
21921,2/11/2021
21922,2/11/2021
21923,2/11/2021
21924,2/11/2021
21925,2/11/2021
21926,2/11/2021
21927,2/11/2021
21928,2/11/2021
21929,2/11/2021
21930,2/12/2021
21931,2/12/2021
21932,2/12/2021
21934,2/12/2021
21935,2/12/2021
21936,2/12/2021
21937,2/12/2021
21939,2/15/2021
21941,2/15/2021
21942,2/15/2021
21943,2/15/2021
21944,2/15/2021
21945,2/15/2021
21946,2/15/2021
21947,2/17/2021
21948,2/15/2021
21949,2/15/2021
21950,2/17/2021
21952,2/17/2021
21953,2/17/2021
21954,2/17/2021
21955,2/17/2021
21957,2/17/2021
21958,2/17/2021
21959,2/17/2021
21960,2/17/2021
21961,2/17/2021
21962,2/17/2021
21963,2/17/2021
21964,2/17/2021
21965,2/17/2021
21966,2/17/2021
21967,2/17/2021
21968,2/17/2021
21969,2/17/2021
21970,2/17/2021
21971,2/17/2021
21972,2/17/2021
21974,2/17/2021
21975,2/17/2021
21976,2/17/2021
21977,2/17/2021
21978,2/17/2021
21979,2/17/2021
21980,2/17/2021
21981,2/17/2021
21982,2/17/2021
21983,2/17/2021
21984,2/17/2021
21985,2/17/2021
21986,2/17/2021
21987,2/17/2021
21988,2/17/2021
21989,2/17/2021
21990,3/8/2021
21991,2/17/2021
21992,2/17/2021
21993,2/17/2021
21994,2/17/2021
21996,2/17/2021
21997,2/17/2021
21998,2/17/2021
21999,2/18/2021
22000,2/18/2021
22001,2/18/2021
22002,2/18/2021
22003,2/18/2021
22004,3/8/2021
22005,2/18/2021
22006,2/18/2021
22007,2/18/2021
22008,2/18/2021
22010,2/18/2021
22011,2/18/2021
22012,2/18/2021
22013,2/18/2021
22014,2/18/2021
22015,2/18/2021
22016,2/18/2021
22017,2/18/2021
22018,2/18/2021
22019,2/25/2021
22020,2/25/2021
22021,2/25/2021
22022,2/25/2021
22023,2/25/2021
22024,2/25/2021
22025,2/25/2021
22026,2/25/2021
22027,2/25/2021
22028,2/25/2021
22029,2/25/2021
22030,2/25/2021
22031,2/25/2021
22032,2/25/2021
22033,2/25/2021
22034,3/8/2021
22035,2/25/2021
22036,3/8/2021
22037,2/25/2021
22038,2/25/2021
22040,6/18/2021
22041,2/25/2021
22043,2/25/2021
22044,2/25/2021
22045,2/25/2021
22047,2/25/2021
22048,3/8/2021
22049,2/25/2021
22050,2/25/2021
22051,2/25/2021
22052,2/25/2021
22053,2/25/2021
22054,2/25/2021
22055,2/25/2021
22056,2/25/2021
22057,2/25/2021
22058,2/25/2021
22059,2/25/2021
22061,2/25/2021
22063,2/25/2021
22064,2/25/2021
22065,2/25/2021
22066,2/25/2021
22067,2/25/2021
22068,2/25/2021
22069,2/25/2021
22070,2/25/2021
22071,2/25/2021
22072,2/25/2021
22073,2/25/2021
22074,2/25/2021
22075,2/25/2021
22076,2/25/2021
22077,2/25/2021
22078,2/25/2021
22079,3/8/2021
22080,3/8/2021
22081,3/5/2021
22082,3/5/2021
22083,3/8/2021
22084,3/5/2021
22085,3/5/2021
22086,3/5/2021
22087,3/5/2021
22088,3/5/2021
22089,3/5/2021
22090,3/5/2021
22091,3/5/2021
22092,3/5/2021
22093,3/5/2021
22094,7/23/2021
22095,3/5/2021
22096,3/5/2021
22097,3/5/2021
22098,3/5/2021
22099,3/5/2021
22100,3/5/2021
22101,3/8/2021
22102,3/5/2021
22103,3/5/2021
22104,3/5/2021
22105,3/5/2021
22106,3/5/2021
22107,3/5/2021
22108,3/5/2021
22109,3/5/2021
22110,3/5/2021
22112,3/5/2021
22113,3/5/2021
22114,3/5/2021
22115,3/5/2021
22116,3/5/2021
22117,3/5/2021
22118,3/5/2021
22119,3/5/2021
22120,3/5/2021
22121,3/5/2021
22122,3/5/2021
22123,3/5/2021
22125,3/5/2021
22126,3/5/2021
22127,3/5/2021
22128,3/8/2021
22129,3/5/2021
22130,3/5/2021
22131,3/5/2021
22132,3/8/2021
22133,3/8/2021
22134,3/8/2021
22135,3/8/2021
22136,3/8/2021
22137,3/8/2021
22138,3/8/2021
22140,3/8/2021
22142,3/8/2021
22143,3/8/2021
22145,3/8/2021
22146,3/8/2021
22147,3/8/2021
22148,3/8/2021
22149,3/8/2021
22150,3/8/2021
22151,3/8/2021
22152,3/8/2021
22154,3/8/2021
22155,5/17/2021
22156,3/8/2021
22157,3/8/2021
22158,3/8/2021
22160,3/8/2021
22161,3/8/2021
22163,3/8/2021
22164,3/8/2021
22165,3/8/2021
22166,3/8/2021
22167,3/8/2021
22168,3/8/2021
22169,3/8/2021
22170,3/8/2021
22171,3/8/2021
22172,3/8/2021
22173,3/8/2021
22174,3/8/2021
22175,3/8/2021
22176,3/8/2021
22177,3/8/2021
22178,3/8/2021
22179,3/8/2021
22181,3/8/2021
22182,3/8/2021
22185,3/8/2021
22186,3/8/2021
22187,3/8/2021
22188,3/8/2021
22189,3/8/2021
22190,3/8/2021
22191,3/8/2021
22192,3/8/2021
22193,3/8/2021
22194,3/8/2021
22195,3/8/2021
22196,3/8/2021
22197,3/8/2021
22198,3/8/2021
22199,3/8/2021
22200,3/8/2021
22201,3/8/2021
22202,3/8/2021
22203,3/8/2021
22204,3/8/2021
22206,3/8/2021
22207,3/8/2021
22208,3/8/2021
22209,3/8/2021
22210,3/8/2021
22211,3/8/2021
22212,3/8/2021
22213,3/8/2021
22214,3/8/2021
22215,3/8/2021
22217,3/8/2021
22218,3/11/2021
22219,3/11/2021
22220,3/11/2021
22221,3/11/2021
22222,3/11/2021
22223,3/11/2021
22224,3/11/2021
22225,3/11/2021
22226,3/11/2021
22227,3/11/2021
22228,3/11/2021
22229,3/11/2021
22230,3/11/2021
22231,3/11/2021
22232,3/11/2021
22233,3/11/2021
22234,3/11/2021
22235,3/11/2021
22236,3/29/2021
22237,3/11/2021
22238,3/11/2021
22239,3/11/2021
22254,3/11/2021
22260,3/11/2021
22261,3/11/2021
22263,3/11/2021
22264,3/11/2021
22266,3/11/2021
22267,3/11/2021
22269,3/11/2021
22270,3/11/2021
22273,3/11/2021
22274,3/11/2021
22275,3/11/2021
22276,3/11/2021
22278,3/11/2021
22285,3/11/2021
22290,7/22/2021
22295,3/11/2021
22296,3/17/2021
22297,3/11/2021
22298,3/11/2021
22299,3/11/2021
22300,3/11/2021
22301,3/11/2021
22302,3/18/2021
22303,3/11/2021
22305,3/11/2021
22307,3/11/2021
22308,3/11/2021
22309,3/11/2021
22310,3/11/2021
22311,3/11/2021
22312,3/11/2021
22314,3/11/2021
22315,3/11/2021
22316,3/11/2021
22317,3/11/2021
22318,3/11/2021
22320,3/11/2021
22321,3/25/2021
22322,3/11/2021
22323,3/11/2021
22324,3/11/2021
22325,3/11/2021
22326,3/11/2021
22328,3/11/2021
22329,3/11/2021
22330,3/11/2021
22331,3/11/2021
22341,3/11/2021
22343,3/11/2021
22344,3/11/2021
22345,3/11/2021
22346,3/11/2021
22347,3/11/2021
22348,3/11/2021
22349,3/11/2021
22351,3/11/2021
22352,3/11/2021
22354,3/17/2021
22357,3/17/2021
22362,3/17/2021
22364,3/17/2021
22365,3/17/2021
22366,3/17/2021
22368,3/17/2021
22379,3/17/2021
22380,3/17/2021
22391,3/17/2021
22392,3/17/2021
22393,3/17/2021
22395,3/17/2021
22397,3/17/2021
22400,3/17/2021
22401,3/17/2021
22402,3/17/2021
22403,3/17/2021
22404,3/29/2021
22405,3/17/2021
22406,3/17/2021
22407,3/17/2021
22408,3/17/2021
22409,3/17/2021
22410,3/17/2021
22411,3/17/2021
22413,3/17/2021
22414,3/17/2021
22415,3/17/2021
22416,3/17/2021
22417,3/17/2021
22418,3/17/2021
22419,3/17/2021
22420,3/17/2021
22421,3/17/2021
22422,3/17/2021
22423,3/17/2021
22425,3/17/2021
22426,3/17/2021
22427,3/17/2021
22428,3/17/2021
22429,3/17/2021
22430,3/17/2021
22431,3/17/2021
22432,3/17/2021
22433,3/17/2021
22434,3/17/2021
22435,3/17/2021
22436,7/23/2021
22437,3/17/2021
22438,3/17/2021
22439,3/17/2021
22440,3/17/2021
22441,3/17/2021
22443,3/17/2021
22444,8/11/2021
22445,3/17/2021
22446,3/17/2021
22447,3/17/2021
22448,3/17/2021
22449,3/17/2021
22450,3/17/2021
22455,3/17/2021
23455,3/17/2021
23456,3/17/2021
23457,3/17/2021
23458,3/17/2021
23459,3/17/2021
23460,3/17/2021
23461,3/17/2021
23462,3/17/2021
23463,3/17/2021
23464,3/17/2021
23465,3/17/2021
23466,3/17/2021
23467,3/17/2021
23468,3/17/2021
23469,3/17/2021
23470,3/17/2021
23471,3/17/2021
23472,4/1/2021
23477,3/17/2021
23479,3/17/2021
23481,3/17/2021
23482,3/17/2021
23483,3/17/2021
23485,3/17/2021
23486,3/17/2021
23487,3/17/2021
23488,3/17/2021
23490,3/17/2021
23491,3/17/2021
23493,3/17/2021
23494,3/17/2021
23503,3/18/2021
23505,3/18/2021
23506,3/18/2021
23507,3/18/2021
23508,3/18/2021
23509,3/18/2021
23510,3/18/2021
23511,3/18/2021
23512,3/18/2021
23513,3/18/2021
23514,3/18/2021
23515,3/18/2021
23516,3/18/2021
23517,3/18/2021
23518,3/18/2021
23519,7/23/2021
23520,8/11/2021
23521,3/18/2021
23525,3/18/2021
23526,3/18/2021
23527,3/18/2021
23529,3/18/2021
23530,3/18/2021
23532,3/18/2021
23534,3/18/2021
23536,3/18/2021
23537,3/18/2021
23538,3/18/2021
23539,3/18/2021
23541,3/19/2021
23542,3/19/2021
23543,3/19/2021
23544,3/19/2021
23545,5/21/2021
23546,5/21/2021
23547,3/19/2021
23548,3/19/2021
23549,3/19/2021
23550,4/6/2021
23551,3/19/2021
23552,3/19/2021
23553,3/19/2021
23554,3/19/2021
23555,3/19/2021
23556,3/19/2021
23557,3/19/2021
23558,3/19/2021
23559,3/19/2021
23560,3/19/2021
23561,3/19/2021
23562,3/19/2021
23563,3/19/2021
23564,3/19/2021
23565,3/19/2021
23566,3/19/2021
23568,6/15/2021
23569,3/19/2021
23570,3/19/2021
23571,3/19/2021
23572,3/19/2021
23573,3/19/2021
23574,3/19/2021
23575,3/19/2021
23576,3/19/2021
23581,3/19/2021
23582,3/19/2021
23596,3/25/2021
23598,3/25/2021
23605,3/25/2021
23606,3/25/2021
23607,3/29/2021
23609,3/25/2021
23627,3/25/2021
23628,3/25/2021
23629,3/25/2021
23630,3/25/2021
23640,3/25/2021
23641,3/25/2021
23642,3/25/2021
23647,3/25/2021
23651,8/16/2021
23660,3/25/2021
23662,3/25/2021
23666,3/25/2021
23667,3/25/2021
23668,3/25/2021
23669,3/25/2021
23670,3/25/2021
23673,3/25/2021
23678,3/25/2021
23687,3/29/2021
23688,3/29/2021
23697,3/29/2021
23698,3/29/2021
23699,8/11/2021
23700,3/29/2021
23701,3/30/2021
23702,3/29/2021
23703,3/29/2021
23704,3/29/2021
23705,3/29/2021
23706,6/18/2021
23707,3/29/2021
23709,3/29/2021
23710,3/29/2021
23711,6/18/2021
23712,3/29/2021
23713,3/29/2021
23714,3/29/2021
23715,3/29/2021
23716,3/29/2021
23717,3/29/2021
23718,3/29/2021
23719,3/29/2021
23720,3/29/2021
23721,3/29/2021
23722,3/29/2021
23723,3/29/2021
23724,3/29/2021
23725,3/29/2021
23726,3/29/2021
23727,3/29/2021
23728,3/29/2021
23729,3/29/2021
23730,3/29/2021
23731,3/29/2021
23733,3/29/2021
23734,3/29/2021
23735,3/29/2021
23736,3/29/2021
23737,3/29/2021
23738,3/29/2021
23739,3/29/2021
23740,3/29/2021
23741,3/29/2021
23742,3/29/2021
23743,3/29/2021
23744,3/29/2021
23745,3/29/2021
23746,3/29/2021
23747,3/29/2021
23748,3/29/2021
23749,3/29/2021
23750,3/29/2021
23751,3/29/2021
23752,3/29/2021
23753,3/29/2021
23755,3/29/2021
23756,3/29/2021
23757,3/29/2021
23758,3/29/2021
23759,3/29/2021
23760,3/29/2021
23762,3/29/2021
23765,8/2/2021
23766,3/29/2021
23768,3/29/2021
23769,3/29/2021
23771,3/29/2021
23772,3/29/2021
23775,3/29/2021
23777,3/29/2021
23787,3/29/2021
23788,6/25/2021
23789,3/29/2021
23790,6/15/2021
23792,3/29/2021
23793,6/18/2021
23794,3/29/2021
23796,8/11/2021
23798,3/29/2021
23799,3/29/2021
23801,3/30/2021
23802,3/30/2021
23804,3/30/2021
23805,3/30/2021
23806,3/30/2021
23807,4/6/2021
23808,3/30/2021
23809,3/30/2021
23810,3/30/2021
23811,4/6/2021
23812,3/30/2021
23813,3/30/2021
23814,3/30/2021
23815,3/30/2021
23816,3/30/2021
23817,3/30/2021
23818,3/30/2021
23819,3/30/2021
23820,3/30/2021
23822,3/30/2021
23824,3/30/2021
23825,3/30/2021
23826,3/30/2021
23827,3/30/2021
23828,3/30/2021
23829,3/30/2021
23831,3/30/2021
23832,3/30/2021
23833,3/30/2021
23836,3/30/2021
23837,3/30/2021
23839,3/30/2021
23840,3/30/2021
23841,8/11/2021
23842,3/30/2021
23843,6/18/2021
23846,3/30/2021
23848,3/30/2021
23849,3/30/2021
23850,3/30/2021
23851,3/30/2021
23852,3/30/2021
23853,4/6/2021
23854,4/6/2021
23855,3/30/2021
23856,3/30/2021
23857,3/30/2021
23859,3/31/2021
23860,3/31/2021
23861,3/31/2021
23862,3/31/2021
23863,3/31/2021
23864,3/31/2021
23865,6/18/2021
23866,3/31/2021
23867,3/31/2021
23868,3/31/2021
23869,3/31/2021
23870,3/31/2021
23871,4/1/2021
23872,4/1/2021
23873,4/1/2021
23874,4/1/2021
23875,4/6/2021
23876,4/1/2021
23877,4/1/2021
23878,4/1/2021
23880,4/1/2021
23886,4/1/2021
23887,4/1/2021
23891,8/11/2021
23894,6/21/2021
23895,4/1/2021
23896,7/23/2021
23897,4/1/2021
23898,4/1/2021
23900,4/20/2021
23901,4/1/2021
23903,4/1/2021
23904,4/1/2021
23906,4/1/2021
23907,4/1/2021
23909,4/1/2021
23912,4/1/2021
23915,4/1/2021
23926,4/6/2021
23931,4/1/2021
23933,4/1/2021
23935,4/1/2021
23936,4/1/2021
23938,4/2/2021
23939,4/2/2021
23940,4/2/2021
23942,4/2/2021
23943,4/2/2021
23944,4/2/2021
23946,4/2/2021
23947,4/2/2021
23986,4/5/2021
23990,4/6/2021
23991,4/5/2021
23994,4/6/2021
23995,4/5/2021
23999,5/5/2021
24002,4/6/2021
24004,4/6/2021
24005,4/6/2021
24006,4/6/2021
24007,4/6/2021
24008,4/6/2021
24009,4/7/2021
24010,5/5/2021
24011,4/7/2021
24012,4/7/2021
24013,4/7/2021
24014,4/7/2021
24015,4/7/2021
24016,4/7/2021
24017,4/7/2021
24018,4/7/2021
24019,4/7/2021
24021,4/7/2021
24022,4/7/2021
24027,4/7/2021
24029,4/7/2021
24031,4/7/2021
24032,4/7/2021
24051,4/8/2021
24054,4/8/2021
24056,4/8/2021
24058,4/8/2021
24061,4/8/2021
24062,6/21/2021
24064,4/8/2021
24065,4/8/2021
24066,4/8/2021
24067,6/25/2021
24068,4/8/2021
24069,4/8/2021
24070,4/8/2021
24071,4/8/2021
24074,4/8/2021
24077,4/8/2021
24079,4/8/2021
24080,5/5/2021
24081,4/8/2021
24082,8/16/2021
24083,4/8/2021
24084,4/8/2021
24085,7/23/2021
24086,4/8/2021
24087,4/8/2021
24088,4/8/2021
24092,7/23/2021
24093,7/23/2021
24094,5/5/2021
24097,4/8/2021
24099,7/23/2021
24100,4/8/2021
24101,4/8/2021
24102,4/9/2021
24103,4/9/2021
24106,4/9/2021
24109,4/9/2021
24111,4/9/2021
24112,4/12/2021
24113,4/12/2021
24114,4/12/2021
24121,4/22/2021
24122,4/15/2021
24123,4/15/2021
24124,4/13/2021
24125,4/15/2021
24126,4/13/2021
24127,4/13/2021
24128,4/13/2021
24129,4/15/2021
24130,4/13/2021
24131,4/13/2021
24162,4/15/2021
24165,8/3/2021
24174,4/16/2021
24177,4/16/2021
24178,4/16/2021
24179,4/16/2021
24180,4/16/2021
24181,4/22/2021
24182,4/16/2021
24184,4/16/2021
24185,4/16/2021
24186,4/16/2021
24187,4/16/2021
24188,4/16/2021
24189,4/16/2021
24190,4/16/2021
24191,4/16/2021
24192,4/16/2021
24193,7/23/2021
24194,4/16/2021
24195,4/16/2021
24206,4/19/2021
24207,4/19/2021
24208,4/19/2021
24209,4/19/2021
24220,4/20/2021
24226,5/17/2021
24227,4/22/2021
24228,4/22/2021
24230,4/22/2021
24231,4/23/2021
24238,4/22/2021
24241,4/22/2021
24242,6/25/2021
24244,4/22/2021
24246,4/22/2021
24247,4/22/2021
24257,4/23/2021
24258,4/23/2021
24260,4/23/2021
24261,4/23/2021
24262,4/23/2021
24263,7/23/2021
24264,4/23/2021
24265,7/23/2021
24266,4/23/2021
24267,4/23/2021
24269,4/23/2021
24270,4/23/2021
24271,4/23/2021
24272,4/23/2021
24274,4/23/2021
24275,4/23/2021
24276,4/23/2021
24277,4/23/2021
24278,4/23/2021
24279,4/23/2021
24283,4/23/2021
24295,4/26/2021
24296,4/26/2021
24297,4/26/2021
24298,8/3/2021
24301,7/23/2021
24303,7/23/2021
24304,7/26/2021
24305,7/26/2021
24306,7/26/2021
24307,7/26/2021
24308,4/26/2021
24309,7/26/2021
24311,4/26/2021
24312,4/26/2021
24313,4/26/2021
24314,4/26/2021
24315,4/26/2021
24317,4/26/2021
24318,5/5/2021
24319,7/26/2021
24320,4/26/2021
24321,4/26/2021
24322,4/26/2021
24323,4/26/2021
24324,4/26/2021
24325,4/26/2021
24326,4/26/2021
24327,4/26/2021
24328,4/26/2021
24329,7/26/2021
24330,4/26/2021
24331,7/26/2021
24332,4/26/2021
24333,4/26/2021
24334,7/26/2021
24335,7/26/2021
24336,4/26/2021
24337,5/5/2021
24338,5/5/2021
24339,4/26/2021
24340,4/26/2021
24341,5/6/2021
24342,4/26/2021
24343,5/5/2021
24344,4/26/2021
24378,4/29/2021
24379,8/3/2021
24380,4/29/2021
24381,4/29/2021
24382,4/29/2021
24383,8/11/2021
24384,4/29/2021
24385,4/29/2021
24386,4/29/2021
24387,4/29/2021
24388,4/29/2021
24389,4/29/2021
24392,4/29/2021
24393,8/11/2021
24395,4/29/2021
24396,4/29/2021
24397,4/29/2021
24399,4/29/2021
24400,4/29/2021
24401,8/4/2021
24403,4/29/2021
24404,4/29/2021
24405,4/29/2021
24408,7/26/2021
24410,4/29/2021
24412,4/29/2021
24414,4/29/2021
24415,8/4/2021
24417,8/4/2021
24419,4/29/2021
24423,8/4/2021
24424,4/29/2021
24426,4/29/2021
24427,4/29/2021
24431,8/4/2021
24432,8/4/2021
24433,8/4/2021
24435,8/4/2021
24436,4/30/2021
24437,8/4/2021
24438,8/4/2021
24439,8/4/2021
24440,8/4/2021
24441,8/4/2021
24442,8/4/2021
24443,8/4/2021
24444,8/4/2021
24445,8/4/2021
24446,4/30/2021
24447,8/11/2021
24449,4/30/2021
24450,8/4/2021
24451,8/4/2021
24452,8/4/2021
24453,8/4/2021
24454,8/4/2021
24455,8/4/2021
24456,8/11/2021
24457,8/4/2021
24458,8/4/2021
24460,8/4/2021
24461,8/4/2021
24462,8/4/2021
24463,8/11/2021
24464,8/6/2021
24465,8/6/2021
24466,8/6/2021
24467,8/6/2021
24468,8/6/2021
24469,8/6/2021
24471,8/6/2021
24472,8/6/2021
24473,8/6/2021
24474,8/6/2021
24475,8/6/2021
24476,8/6/2021
24477,4/30/2021
24478,5/5/2021
24479,4/30/2021
24480,8/6/2021
24481,4/30/2021
24488,4/30/2021
24489,4/30/2021
24490,4/30/2021
24491,4/30/2021
24492,4/30/2021
24510,5/5/2021
24511,5/5/2021
24512,5/5/2021
24513,5/5/2021
24514,5/5/2021
24515,8/6/2021
24516,5/5/2021
24517,5/5/2021
24518,5/5/2021
24519,5/5/2021
24520,5/5/2021
24521,5/5/2021
24522,5/5/2021
24523,8/6/2021
24524,5/5/2021
24525,5/5/2021
24526,5/5/2021
24527,5/5/2021
24528,5/5/2021
24529,5/5/2021
24530,5/5/2021
24535,5/5/2021
24537,8/6/2021
24538,8/6/2021
24539,8/6/2021
24540,5/5/2021
24541,5/5/2021
24542,5/5/2021
24543,5/5/2021
24544,5/5/2021
24545,5/5/2021
24546,5/5/2021
24547,5/5/2021
24551,8/6/2021
24552,5/5/2021
24553,5/5/2021
24554,8/6/2021
24555,5/5/2021
24556,5/5/2021
24557,5/5/2021
24558,5/5/2021
24559,5/5/2021
24560,5/5/2021
24562,5/6/2021
24563,8/6/2021
24564,8/6/2021
24566,5/6/2021
24567,5/6/2021
24568,5/6/2021
24569,5/6/2021
24570,8/6/2021
24573,5/6/2021
24574,5/6/2021
24575,5/11/2021
24576,8/6/2021
24577,5/6/2021
24578,5/6/2021
24580,5/11/2021
24581,5/6/2021
24582,5/6/2021
24583,6/25/2021
24584,8/6/2021
24586,8/6/2021
24587,8/6/2021
24594,5/7/2021
24595,8/11/2021
24596,5/7/2021
24597,5/7/2021
24598,5/10/2021
24599,5/10/2021
24600,5/10/2021
24601,5/10/2021
24602,5/10/2021
24603,5/10/2021
24604,5/10/2021
24605,5/10/2021
24606,5/10/2021
24607,5/10/2021
24608,5/10/2021
24609,5/11/2021
24610,5/10/2021
24611,5/10/2021
24612,5/10/2021
24613,5/10/2021
24614,5/10/2021
24615,5/10/2021
24616,5/11/2021
24617,5/10/2021
24618,5/10/2021
24619,5/10/2021
24620,5/10/2021
24621,5/11/2021
24622,5/11/2021
24623,5/11/2021
24624,5/11/2021
24625,5/11/2021
24626,5/21/2021
24630,5/12/2021
24631,5/12/2021
24632,5/12/2021
24633,5/12/2021
24634,5/12/2021
24635,5/12/2021
24636,8/11/2021
24637,8/6/2021
24638,5/12/2021
24639,5/12/2021
24646,8/6/2021
24647,5/13/2021
24648,5/13/2021
24649,5/13/2021
24650,5/13/2021
24651,5/16/2021
24652,5/13/2021
24654,5/16/2021
24655,8/9/2021
24656,8/9/2021
24657,8/11/2021
24658,8/9/2021
24659,8/9/2021
24660,8/9/2021
24661,5/13/2021
24662,5/13/2021
24663,5/13/2021
24664,5/13/2021
24665,7/22/2021
24667,5/13/2021
24668,5/21/2021
24669,5/13/2021
24670,7/23/2021
24672,5/13/2021
24673,5/21/2021
24675,5/13/2021
24676,8/9/2021
24680,5/21/2021
24684,5/14/2021
24685,5/14/2021
24686,8/11/2021
24687,8/9/2021
24688,5/14/2021
24689,5/14/2021
24691,8/9/2021
24692,8/9/2021
24694,8/9/2021
24695,8/9/2021
24696,8/9/2021
24697,8/9/2021
24698,5/14/2021
24699,5/14/2021
24700,5/14/2021
24701,5/14/2021
24702,5/14/2021
24703,5/16/2021
24704,5/16/2021
24705,5/16/2021
24706,5/16/2021
24707,8/9/2021
24708,5/16/2021
24709,8/9/2021
24710,8/9/2021
24711,5/16/2021
24720,5/17/2021
24721,5/17/2021
24722,5/17/2021
24723,5/21/2021
24724,5/21/2021
24725,5/21/2021
24726,5/21/2021
24727,5/21/2021
24732,5/24/2021
24733,5/27/2021
24734,5/24/2021
24735,5/24/2021
24736,5/25/2021
24737,5/25/2021
24738,5/27/2021
24739,5/26/2021
24743,5/26/2021
24747,5/26/2021
24755,8/11/2021
24756,6/25/2021
24758,8/9/2021
24759,8/9/2021
24760,8/9/2021
24761,8/9/2021
24762,8/11/2021
24763,8/9/2021
24764,5/26/2021
24771,5/26/2021
24772,5/26/2021
24778,5/26/2021
24779,5/26/2021
24780,5/26/2021
24781,5/26/2021
24784,5/26/2021
24787,8/9/2021
24788,5/26/2021
24789,5/27/2021
24790,8/11/2021
24792,5/27/2021
24795,5/27/2021
24796,8/9/2021
24797,5/27/2021
24798,5/27/2021
24799,8/9/2021
24800,5/27/2021
24801,8/11/2021
24802,8/9/2021
24803,8/9/2021
24804,8/9/2021
24805,8/9/2021
24806,8/9/2021
24807,5/27/2021
24808,8/9/2021
24809,5/27/2021
24810,6/2/2021
24816,6/4/2021
24817,6/4/2021
24824,6/7/2021
24825,6/7/2021
24826,6/7/2021
24851,6/9/2021
24853,6/15/2021
24860,6/9/2021
24865,6/9/2021
24881,6/10/2021
24883,6/10/2021
24884,6/10/2021
24885,6/10/2021
24887,6/11/2021
24888,6/11/2021
24889,6/11/2021
24893,6/15/2021
24894,6/15/2021
24928,6/21/2021
24939,6/25/2021
24941,7/26/2021
24942,6/25/2021
24943,6/25/2021
24944,7/26/2021
24948,6/25/2021
24951,8/11/2021
24954,6/25/2021
24955,6/25/2021
24956,6/25/2021
24960,7/26/2021
24961,7/26/2021
24977,8/9/2021
24984,8/9/2021
24987,8/9/2021
24988,8/11/2021
24991,8/9/2021
24992,8/9/2021
24994,8/9/2021
24998,8/9/2021
24999,8/2/2021
25002,8/2/2021
25007,7/23/2021
25023,7/23/2021
25029,8/11/2021
25041,7/23/2021
25053,8/2/2021
25055,7/23/2021
25071,8/2/2021
25072,7/23/2021
25105,8/2/2021
25110,8/16/2021
25111,8/16/2021
25112,8/16/2021
25113,8/16/2021
25114,8/16/2021
25115,8/20/2021
25116,8/16/2021
25117,8/16/2021
25118,8/16/2021
25119,8/16/2021
25120,8/16/2021
25121,8/16/2021
25122,8/16/2021
25123,8/16/2021
25124,8/16/2021
25126,8/16/2021
25127,8/16/2021
25128,8/16/2021
25129,8/16/2021
25130,8/16/2021
25131,8/16/2021
25132,8/16/2021
25133,8/16/2021
25134,8/16/2021
25135,8/16/2021
25136,8/16/2021
25137,8/16/2021
25138,8/16/2021
25139,8/16/2021
25140,8/16/2021
25141,8/16/2021
25142,8/16/2021
25143,8/16/2021
25144,8/16/2021
25145,8/16/2021
25146,8/16/2021
25147,8/16/2021
25148,8/16/2021
25149,8/16/2021
25150,8/16/2021
25151,8/16/2021
25152,8/16/2021
25153,8/16/2021
25154,8/16/2021
25155,8/16/2021
25156,8/16/2021
25157,8/16/2021
25158,8/16/2021
25159,8/16/2021
25160,8/20/2021
25161,8/20/2021
25162,8/20/2021
25163,8/20/2021
25164,8/20/2021
25165,8/20/2021
25166,8/20/2021
25167,8/20/2021
25168,8/20/2021
25169,8/20/2021
25170,8/20/2021
25171,8/20/2021
25172,8/20/2021
25173,8/20/2021
25174,8/20/2021
25175,8/20/2021
25176,8/26/2021
25178,8/20/2021
25179,8/20/2021
25180,8/20/2021
25181,8/20/2021
25182,8/20/2021
25183,8/20/2021
25184,8/20/2021
25185,8/20/2021
25186,8/20/2021
25187,8/20/2021
25188,8/20/2021
25189,8/20/2021
25190,8/20/2021
25191,8/20/2021
25192,8/20/2021
25193,8/20/2021
25194,8/20/2021
25195,8/20/2021
25196,8/20/2021
25197,8/20/2021
25198,8/26/2021
25199,8/20/2021
25200,8/20/2021
25201,8/20/2021
25202,8/20/2021
25203,8/20/2021
25204,8/20/2021
25205,8/20/2021
25206,8/20/2021
25207,8/26/2021
25208,8/26/2021
25209,8/26/2021
25210,8/26/2021
25211,8/26/2021
25212,8/26/2021
25213,8/26/2021
25214,9/1/2021
25215,8/26/2021
25216,8/26/2021
25217,8/26/2021
25218,9/1/2021
25219,8/26/2021
25220,8/26/2021
25221,8/26/2021
25222,8/26/2021
25223,8/26/2021
25224,8/26/2021
25225,8/26/2021
25226,8/26/2021
25227,9/1/2021
25228,8/26/2021
25229,8/26/2021
25230,8/26/2021
25231,8/26/2021
25232,8/26/2021
25233,8/26/2021
25234,8/26/2021
25235,8/26/2021
25236,8/26/2021
25237,8/26/2021
25238,9/1/2021
25239,8/26/2021
25240,8/26/2021
25241,9/1/2021
25242,8/26/2021
25243,8/25/2021
25245,8/26/2021
25246,8/26/2021
25247,8/26/2021
25248,8/26/2021
25249,8/26/2021
25250,8/26/2021
25251,8/26/2021
25252,8/26/2021
25253,8/26/2021
25254,8/26/2021
25255,8/26/2021
25256,8/26/2021
25257,9/1/2021
25258,8/26/2021
25259,8/26/2021
25260,8/26/2021
25261,8/26/2021
25262,8/26/2021
25263,9/1/2021
25264,8/26/2021
25265,8/26/2021
25266,8/26/2021
25267,8/26/2021
25268,8/26/2021
25269,8/26/2021
25270,9/1/2021
25271,8/26/2021
25272,8/26/2021
25273,8/26/2021
25274,8/26/2021
25275,8/26/2021
25276,8/26/2021
25277,9/1/2021
25278,8/26/2021
25279,8/26/2021
25280,8/26/2021
25281,8/26/2021
25283,8/26/2021
25284,8/26/2021
25285,8/26/2021
25286,8/26/2021
25287,8/26/2021
25288,8/26/2021
25289,8/26/2021
25290,8/26/2021
25291,8/26/2021
25292,8/26/2021
25293,8/26/2021
25294,8/26/2021
25295,8/26/2021
25296,8/26/2021
25297,8/26/2021
25298,8/26/2021
25299,8/26/2021
25300,8/26/2021
25301,8/26/2021
25302,8/26/2021
25303,8/26/2021
25304,9/1/2021
25305,8/26/2021
25306,8/26/2021
25307,8/26/2021
25308,9/30/2021
25309,8/26/2021
25310,8/26/2021
25311,8/26/2021
25312,8/26/2021
25313,8/26/2021
25314,8/26/2021
25315,8/26/2021
25316,8/26/2021
25317,8/26/2021
25318,8/26/2021
25319,9/1/2021
25320,9/1/2021
25321,9/30/2021
25322,9/1/2021
25323,9/1/2021
25324,9/1/2021
25325,9/1/2021
25326,9/1/2021
25327,9/1/2021
25328,9/1/2021
25329,9/1/2021
25330,9/1/2021
25331,9/1/2021
25332,9/1/2021
25333,9/1/2021
25334,9/1/2021
25335,9/1/2021
25336,9/1/2021
25337,9/1/2021
25338,9/1/2021
25339,9/1/2021
25340,9/1/2021
25341,9/1/2021
25342,9/30/2021
25343,9/1/2021
25344,9/1/2021
25345,9/1/2021
25346,9/1/2021
25347,9/1/2021
25348,9/1/2021
25349,9/1/2021
25350,9/1/2021
25351,9/1/2021
25352,9/1/2021
25353,9/1/2021
25354,9/1/2021
25355,9/1/2021
25356,9/1/2021
25357,9/1/2021
25358,9/1/2021
25359,9/1/2021
25360,9/1/2021
25361,9/1/2021
25362,9/1/2021
25363,9/1/2021
25364,9/1/2021
25365,9/1/2021
25366,9/1/2021
25367,9/1/2021
25368,9/1/2021
25369,9/1/2021
25370,9/1/2021
25371,9/1/2021
25372,9/30/2021
25373,9/1/2021
25374,9/1/2021
25375,9/1/2021
25376,9/1/2021
25377,9/1/2021
25378,9/1/2021
25379,9/1/2021
25380,9/1/2021
25381,9/1/2021
25382,9/1/2021
25383,9/1/2021
25384,9/1/2021
25385,9/1/2021
25388,9/1/2021
25389,9/1/2021
25390,9/1/2021
25391,9/1/2021
25392,9/1/2021
25393,9/1/2021
25394,9/30/2021
25395,9/1/2021
25396,9/1/2021
25397,9/1/2021
25398,9/1/2021
25399,9/1/2021
25400,9/1/2021
25401,9/1/2021
25402,9/1/2021
25403,9/1/2021
25404,9/1/2021
25405,9/1/2021
25409,9/1/2021
25411,9/1/2021
25412,9/1/2021
25413,9/1/2021
25414,9/1/2021
25415,9/1/2021
25416,9/1/2021
25417,9/1/2021
25418,9/1/2021
25419,9/1/2021
25421,9/1/2021
25422,9/1/2021
25423,9/1/2021
25424,9/1/2021
25425,9/1/2021
25426,9/1/2021
25428,9/1/2021
25429,9/1/2021
25430,9/1/2021
25431,9/2/2021
25432,9/2/2021
25433,9/2/2021
25434,9/2/2021
25435,9/2/2021
25436,9/2/2021
25437,9/2/2021
25438,9/2/2021
25439,9/2/2021
25440,9/2/2021
25442,9/2/2021
25443,9/2/2021
25444,9/2/2021
25445,9/30/2021
25446,9/2/2021
25447,9/2/2021
25448,9/30/2021
25449,9/2/2021
25450,9/2/2021
25451,9/2/2021
25452,9/2/2021
25453,9/2/2021
25454,9/2/2021
25455,9/2/2021
25456,9/2/2021
25457,9/2/2021
25458,9/2/2021
25459,9/30/2021
25460,9/2/2021
25461,9/2/2021
25462,9/2/2021
25463,9/2/2021
25464,9/2/2021
25465,9/2/2021
25466,9/2/2021
25467,9/2/2021
25468,9/2/2021
25469,9/2/2021
25470,9/2/2021
25471,9/2/2021
25472,9/2/2021
25473,9/2/2021
25474,9/2/2021
25475,9/2/2021
25476,9/2/2021
25477,9/1/2021
25478,9/2/2021
25479,9/2/2021
25480,9/2/2021
25481,9/2/2021
25482,9/1/2021
25483,9/2/2021
25484,9/2/2021
25485,9/2/2021
25487,9/2/2021
25488,9/2/2021
25489,9/2/2021
25490,9/2/2021
25491,9/2/2021
25492,9/2/2021
25493,9/2/2021
25494,9/2/2021
25495,9/2/2021
25496,9/1/2021
25497,9/2/2021
25498,9/2/2021
25500,9/2/2021
25501,9/2/2021
25502,9/2/2021
25503,9/2/2021
25504,9/2/2021
25505,9/2/2021
25506,9/2/2021
25507,9/2/2021
25508,9/2/2021
25509,9/2/2021
25510,9/2/2021
25511,9/2/2021
25512,9/2/2021
25513,9/2/2021
25514,9/2/2021
25515,9/2/2021
25516,9/1/2021
25517,9/1/2021
25518,9/1/2021
25519,9/1/2021
25520,9/1/2021
25521,9/1/2021
25522,9/1/2021
25523,9/1/2021
25524,9/1/2021
25525,9/1/2021
25526,9/1/2021
25527,9/30/2021
25528,9/2/2021
25529,9/2/2021
25530,9/2/2021
25531,9/2/2021
25532,9/30/2021
25533,9/2/2021
25534,9/2/2021
25535,9/2/2021
25536,9/2/2021
25537,9/2/2021
25538,9/30/2021
25539,9/30/2021
25540,9/30/2021
25541,9/30/2021
25542,9/30/2021
25543,9/30/2021
25544,9/30/2021
25545,9/30/2021
25546,9/30/2021
25547,9/30/2021
25548,9/30/2021
25549,9/30/2021
25550,9/30/2021
25551,9/30/2021
25552,9/30/2021
25553,9/30/2021
25554,9/30/2021
25556,9/30/2021
25557,9/30/2021
25559,9/30/2021
25560,9/30/2021
25561,9/30/2021
25562,9/30/2021
25563,9/30/2021
25564,9/30/2021
25565,9/30/2021
25566,9/30/2021
25567,9/30/2021
25568,9/30/2021
25569,9/30/2021
25570,9/30/2021
25571,9/30/2021
25572,9/30/2021
25574,9/30/2021
25576,9/30/2021
25577,9/30/2021
25578,9/30/2021
25579,9/30/2021
25582,9/30/2021
25583,9/30/2021
25584,9/30/2021
25585,9/30/2021
25586,9/30/2021
25587,9/30/2021
25588,9/30/2021
25589,9/30/2021
25590,9/30/2021
25591,9/30/2021
25592,9/30/2021
25593,9/30/2021
25594,9/30/2021
25595,9/30/2021
25596,9/30/2021
25597,9/30/2021
25598,9/30/2021
25599,9/30/2021
25600,9/30/2021
25601,9/30/2021
25602,9/30/2021
25603,9/30/2021
25604,9/30/2021
25605,9/30/2021
25606,9/30/2021
25607,9/30/2021
25608,9/30/2021
25611,9/30/2021
25612,9/30/2021
25613,9/30/2021
25615,9/30/2021
25617,9/30/2021
25618,9/30/2021
25619,9/30/2021
25620,9/30/2021
25621,9/30/2021
25622,9/30/2021
25623,9/30/2021
25626,9/30/2021
25627,9/30/2021
25628,9/30/2021
25629,9/30/2021
25630,9/30/2021
